date,day,week,status,hours,theme,planned_activity,reason
2026-09-22,Tuesday,1,workday,7.5,"Onboarding, toy model and source verification","Implementation, debugging and test evidence",
2026-09-23,Wednesday,1,workday,7.5,"Onboarding, toy model and source verification",Experiment analysis and rotating collaborator discussion,
2026-09-24,Thursday,1,workday,7.5,"Onboarding, toy model and source verification","Coursework, mathematical derivation and deep work",
2026-09-25,Friday,1,workday,7.5,"Onboarding, toy model and source verification","Research writing, lab seminar and weekly retrospective",
2026-09-26,Saturday,1,rest,0,"Onboarding, toy model and source verification",Rest / leave; no fabricated research activity,
2026-09-27,Sunday,1,rest,0,"Onboarding, toy model and source verification",Rest / leave; no fabricated research activity,
2026-09-28,Monday,1,workday,7.5,"Onboarding, toy model and source verification","Literature, supervisor decision and revised plan",
2026-09-29,Tuesday,2,workday,7.5,"Complex numbers, qubits and measurement","Implementation, debugging and test evidence",
2026-09-30,Wednesday,2,workday,7.5,"Complex numbers, qubits and measurement",Experiment analysis and rotating collaborator discussion,
2026-10-01,Thursday,2,workday,7.5,"Complex numbers, qubits and measurement","Coursework, mathematical derivation and deep work",
2026-10-02,Friday,2,workday,7.5,"Complex numbers, qubits and measurement","Research writing, lab seminar and weekly retrospective",
2026-10-03,Saturday,2,rest,0,"Complex numbers, qubits and measurement",Rest / leave; no fabricated research activity,
2026-10-04,Sunday,2,rest,0,"Complex numbers, qubits and measurement",Rest / leave; no fabricated research activity,
2026-10-05,Monday,2,workday,7.5,"Complex numbers, qubits and measurement","Literature, supervisor decision and revised plan",
2026-10-06,Tuesday,3,workday,7.5,Linear algebra and circuit conventions,"Implementation, debugging and test evidence",
2026-10-07,Wednesday,3,workday,7.5,Linear algebra and circuit conventions,Experiment analysis and rotating collaborator discussion,
2026-10-08,Thursday,3,workday,7.5,Linear algebra and circuit conventions,"Coursework, mathematical derivation and deep work",
2026-10-09,Friday,3,workday,7.5,Linear algebra and circuit conventions,"Research writing, lab seminar and weekly retrospective",
2026-10-10,Saturday,3,rest,0,Linear algebra and circuit conventions,Rest / leave; no fabricated research activity,
2026-10-11,Sunday,3,rest,0,Linear algebra and circuit conventions,Rest / leave; no fabricated research activity,
2026-10-12,Monday,3,workday,7.5,Linear algebra and circuit conventions,"Literature, supervisor decision and revised plan",
2026-10-13,Tuesday,4,workday,7.5,Optimization foundations and research-question review,"Implementation, debugging and test evidence",
2026-10-14,Wednesday,4,workday,7.5,Optimization foundations and research-question review,Experiment analysis and rotating collaborator discussion,
2026-10-15,Thursday,4,workday,7.5,Optimization foundations and research-question review,"Coursework, mathematical derivation and deep work",
2026-10-16,Friday,4,workday,7.5,Optimization foundations and research-question review,"Research writing, lab seminar and weekly retrospective",
2026-10-17,Saturday,4,rest,0,Optimization foundations and research-question review,Rest / leave; no fabricated research activity,
2026-10-18,Sunday,4,rest,0,Optimization foundations and research-question review,Rest / leave; no fabricated research activity,
2026-10-19,Monday,4,workday,7.5,Optimization foundations and research-question review,"Literature, supervisor decision and revised plan",
2026-10-20,Tuesday,5,workday,7.5,Literature map: testing quantum software,"Implementation, debugging and test evidence",
2026-10-21,Wednesday,5,workday,7.5,Literature map: testing quantum software,Experiment analysis and rotating collaborator discussion,
2026-10-22,Thursday,5,workday,7.5,Literature map: testing quantum software,"Coursework, mathematical derivation and deep work",
2026-10-23,Friday,5,workday,7.5,Literature map: testing quantum software,"Research writing, lab seminar and weekly retrospective",
2026-10-24,Saturday,5,rest,0,Literature map: testing quantum software,Rest / leave; no fabricated research activity,
2026-10-25,Sunday,5,rest,0,Literature map: testing quantum software,Rest / leave; no fabricated research activity,
2026-10-26,Monday,5,workday,7.5,Literature map: testing quantum software,"Literature, supervisor decision and revised plan",
2026-10-27,Tuesday,6,workday,7.5,Reproduce a small QAOA example,"Implementation, debugging and test evidence",
2026-10-28,Wednesday,6,workday,7.5,Reproduce a small QAOA example,Experiment analysis and rotating collaborator discussion,
2026-10-29,Thursday,6,workday,7.5,Reproduce a small QAOA example,"Coursework, mathematical derivation and deep work",
2026-10-30,Friday,6,workday,7.5,Reproduce a small QAOA example,"Research writing, lab seminar and weekly retrospective",
2026-10-31,Saturday,6,rest,0,Reproduce a small QAOA example,Rest / leave; no fabricated research activity,
2026-11-01,Sunday,6,rest,0,Reproduce a small QAOA example,Rest / leave; no fabricated research activity,
2026-11-02,Monday,6,workday,7.5,Reproduce a small QAOA example,"Literature, supervisor decision and revised plan",
2026-11-03,Tuesday,7,workday,7.5,Binary formulation and penalty derivation,"Implementation, debugging and test evidence",
2026-11-04,Wednesday,7,workday,7.5,Binary formulation and penalty derivation,Experiment analysis and rotating collaborator discussion,
2026-11-05,Thursday,7,workday,7.5,Binary formulation and penalty derivation,"Coursework, mathematical derivation and deep work",
2026-11-06,Friday,7,workday,7.5,Binary formulation and penalty derivation,"Research writing, lab seminar and weekly retrospective",
2026-11-07,Saturday,7,rest,0,Binary formulation and penalty derivation,Rest / leave; no fabricated research activity,
2026-11-08,Sunday,7,rest,0,Binary formulation and penalty derivation,Rest / leave; no fabricated research activity,
2026-11-09,Monday,7,workday,7.5,Binary formulation and penalty derivation,"Literature, supervisor decision and revised plan",
2026-11-10,Tuesday,8,workday,7.5,Independent feasibility checker,"Implementation, debugging and test evidence",
2026-11-11,Wednesday,8,workday,7.5,Independent feasibility checker,Experiment analysis and rotating collaborator discussion,
2026-11-12,Thursday,8,workday,7.5,Independent feasibility checker,"Coursework, mathematical derivation and deep work",
2026-11-13,Friday,8,workday,7.5,Independent feasibility checker,"Research writing, lab seminar and weekly retrospective",
2026-11-14,Saturday,8,rest,0,Independent feasibility checker,Rest / leave; no fabricated research activity,
2026-11-15,Sunday,8,rest,0,Independent feasibility checker,Rest / leave; no fabricated research activity,
2026-11-16,Monday,8,workday,7.5,Independent feasibility checker,"Literature, supervisor decision and revised plan",
2026-11-17,Tuesday,9,workday,7.5,Metamorphic properties and counterexamples,"Implementation, debugging and test evidence",
2026-11-18,Wednesday,9,workday,7.5,Metamorphic properties and counterexamples,Experiment analysis and rotating collaborator discussion,
2026-11-19,Thursday,9,workday,7.5,Metamorphic properties and counterexamples,"Coursework, mathematical derivation and deep work",
2026-11-20,Friday,9,workday,7.5,Metamorphic properties and counterexamples,"Research writing, lab seminar and weekly retrospective",
2026-11-21,Saturday,9,rest,0,Metamorphic properties and counterexamples,Rest / leave; no fabricated research activity,
2026-11-22,Sunday,9,rest,0,Metamorphic properties and counterexamples,Rest / leave; no fabricated research activity,
2026-11-23,Monday,9,workday,7.5,Metamorphic properties and counterexamples,"Literature, supervisor decision and revised plan",
2026-11-24,Tuesday,10,workday,7.5,Fault catalog and mutation design,"Implementation, debugging and test evidence",
2026-11-25,Wednesday,10,workday,7.5,Fault catalog and mutation design,Experiment analysis and rotating collaborator discussion,
2026-11-26,Thursday,10,workday,7.5,Fault catalog and mutation design,"Coursework, mathematical derivation and deep work",
2026-11-27,Friday,10,workday,7.5,Fault catalog and mutation design,"Research writing, lab seminar and weekly retrospective",
2026-11-28,Saturday,10,rest,0,Fault catalog and mutation design,Rest / leave; no fabricated research activity,
2026-11-29,Sunday,10,rest,0,Fault catalog and mutation design,Rest / leave; no fabricated research activity,
2026-11-30,Monday,10,workday,7.5,Fault catalog and mutation design,"Literature, supervisor decision and revised plan",
2026-12-01,Tuesday,11,workday,7.5,Classical exact oracle and baseline interface,"Implementation, debugging and test evidence",
2026-12-02,Wednesday,11,workday,7.5,Classical exact oracle and baseline interface,Experiment analysis and rotating collaborator discussion,
2026-12-03,Thursday,11,workday,7.5,Classical exact oracle and baseline interface,"Coursework, mathematical derivation and deep work",
2026-12-04,Friday,11,workday,7.5,Classical exact oracle and baseline interface,"Research writing, lab seminar and weekly retrospective",
2026-12-05,Saturday,11,rest,0,Classical exact oracle and baseline interface,Rest / leave; no fabricated research activity,
2026-12-06,Sunday,11,rest,0,Classical exact oracle and baseline interface,Rest / leave; no fabricated research activity,
2026-12-07,Monday,11,workday,7.5,Classical exact oracle and baseline interface,"Literature, supervisor decision and revised plan",
2026-12-08,Tuesday,12,workday,7.5,Pilot reproducibility package,"Implementation, debugging and test evidence",
2026-12-09,Wednesday,12,workday,7.5,Pilot reproducibility package,Experiment analysis and rotating collaborator discussion,
2026-12-10,Thursday,12,workday,7.5,Pilot reproducibility package,"Coursework, mathematical derivation and deep work",
2026-12-11,Friday,12,workday,7.5,Pilot reproducibility package,"Research writing, lab seminar and weekly retrospective",
2026-12-12,Saturday,12,rest,0,Pilot reproducibility package,Rest / leave; no fabricated research activity,
2026-12-13,Sunday,12,rest,0,Pilot reproducibility package,Rest / leave; no fabricated research activity,
2026-12-14,Monday,12,workday,7.5,Pilot reproducibility package,"Literature, supervisor decision and revised plan",
2026-12-15,Tuesday,13,workday,7.5,First lab seminar and scope reduction,"Implementation, debugging and test evidence",
2026-12-16,Wednesday,13,workday,7.5,First lab seminar and scope reduction,Experiment analysis and rotating collaborator discussion,
2026-12-17,Thursday,13,workday,7.5,First lab seminar and scope reduction,"Coursework, mathematical derivation and deep work",
2026-12-18,Friday,13,workday,7.5,First lab seminar and scope reduction,"Research writing, lab seminar and weekly retrospective",
2026-12-19,Saturday,13,rest,0,First lab seminar and scope reduction,Rest / leave; no fabricated research activity,
2026-12-20,Sunday,13,rest,0,First lab seminar and scope reduction,Rest / leave; no fabricated research activity,
2026-12-21,Monday,13,workday,7.5,First lab seminar and scope reduction,"Literature, supervisor decision and revised plan",
2026-12-22,Tuesday,14,workday,7.5,Year-end notes and leave handover,"Implementation, debugging and test evidence",
2026-12-23,Wednesday,14,workday,7.5,Year-end notes and leave handover,Experiment analysis and rotating collaborator discussion,
2026-12-24,Thursday,14,leave,0,Year-end notes and leave handover,Rest / leave; no fabricated research activity,
2026-12-25,Friday,14,leave,0,Year-end notes and leave handover,Rest / leave; no fabricated research activity,
2026-12-26,Saturday,14,leave,0,Year-end notes and leave handover,Rest / leave; no fabricated research activity,
2026-12-27,Sunday,14,leave,0,Year-end notes and leave handover,Rest / leave; no fabricated research activity,
2026-12-28,Monday,14,leave,0,Year-end notes and leave handover,Rest / leave; no fabricated research activity,
2026-12-29,Tuesday,15,leave,0,Winter leave and light reading,Rest / leave; no fabricated research activity,
2026-12-30,Wednesday,15,leave,0,Winter leave and light reading,Rest / leave; no fabricated research activity,
2026-12-31,Thursday,15,leave,0,Winter leave and light reading,Rest / leave; no fabricated research activity,
2027-01-01,Friday,15,leave,0,Winter leave and light reading,Rest / leave; no fabricated research activity,
2027-01-02,Saturday,15,leave,0,Winter leave and light reading,Rest / leave; no fabricated research activity,
2027-01-03,Sunday,15,leave,0,Winter leave and light reading,Rest / leave; no fabricated research activity,
2027-01-04,Monday,15,workday,7.5,Winter leave and light reading,"Literature, supervisor decision and revised plan",
2027-01-05,Tuesday,16,workday,7.5,Resume work and debug pilot,"Implementation, debugging and test evidence",
2027-01-06,Wednesday,16,workday,7.5,Resume work and debug pilot,Experiment analysis and rotating collaborator discussion,
2027-01-07,Thursday,16,workday,7.5,Resume work and debug pilot,"Coursework, mathematical derivation and deep work",
2027-01-08,Friday,16,workday,7.5,Resume work and debug pilot,"Research writing, lab seminar and weekly retrospective",
2027-01-09,Saturday,16,rest,0,Resume work and debug pilot,Rest / leave; no fabricated research activity,
2027-01-10,Sunday,16,rest,0,Resume work and debug pilot,Rest / leave; no fabricated research activity,
2027-01-11,Monday,16,workday,7.5,Resume work and debug pilot,"Literature, supervisor decision and revised plan",
2027-01-12,Tuesday,17,workday,7.5,Draft verification protocol,"Implementation, debugging and test evidence",
2027-01-13,Wednesday,17,workday,7.5,Draft verification protocol,Experiment analysis and rotating collaborator discussion,
2027-01-14,Thursday,17,workday,7.5,Draft verification protocol,"Coursework, mathematical derivation and deep work",
2027-01-15,Friday,17,workday,7.5,Draft verification protocol,"Research writing, lab seminar and weekly retrospective",
2027-01-16,Saturday,17,rest,0,Draft verification protocol,Rest / leave; no fabricated research activity,
2027-01-17,Sunday,17,rest,0,Draft verification protocol,Rest / leave; no fabricated research activity,
2027-01-18,Monday,17,workday,7.5,Draft verification protocol,"Literature, supervisor decision and revised plan",
2027-01-19,Tuesday,18,workday,7.5,Pilot fault detection experiments,"Implementation, debugging and test evidence",
2027-01-20,Wednesday,18,workday,7.5,Pilot fault detection experiments,Experiment analysis and rotating collaborator discussion,
2027-01-21,Thursday,18,workday,7.5,Pilot fault detection experiments,"Coursework, mathematical derivation and deep work",
2027-01-22,Friday,18,workday,7.5,Pilot fault detection experiments,"Research writing, lab seminar and weekly retrospective",
2027-01-23,Saturday,18,rest,0,Pilot fault detection experiments,Rest / leave; no fabricated research activity,
2027-01-24,Sunday,18,rest,0,Pilot fault detection experiments,Rest / leave; no fabricated research activity,
2027-01-25,Monday,18,workday,7.5,Pilot fault detection experiments,"Literature, supervisor decision and revised plan",
2027-01-26,Tuesday,19,workday,7.5,Failure analysis and negative findings,"Implementation, debugging and test evidence",
2027-01-27,Wednesday,19,workday,7.5,Failure analysis and negative findings,Experiment analysis and rotating collaborator discussion,
2027-01-28,Thursday,19,workday,7.5,Failure analysis and negative findings,"Coursework, mathematical derivation and deep work",
2027-01-29,Friday,19,workday,7.5,Failure analysis and negative findings,"Research writing, lab seminar and weekly retrospective",
2027-01-30,Saturday,19,rest,0,Failure analysis and negative findings,Rest / leave; no fabricated research activity,
2027-01-31,Sunday,19,rest,0,Failure analysis and negative findings,Rest / leave; no fabricated research activity,
2027-02-01,Monday,19,workday,7.5,Failure analysis and negative findings,"Literature, supervisor decision and revised plan",
2027-02-02,Tuesday,20,workday,7.5,Workshop paper outline and figures,"Implementation, debugging and test evidence",
2027-02-03,Wednesday,20,workday,7.5,Workshop paper outline and figures,Experiment analysis and rotating collaborator discussion,
2027-02-04,Thursday,20,workday,7.5,Workshop paper outline and figures,"Coursework, mathematical derivation and deep work",
2027-02-05,Friday,20,workday,7.5,Workshop paper outline and figures,"Research writing, lab seminar and weekly retrospective",
2027-02-06,Saturday,20,rest,0,Workshop paper outline and figures,Rest / leave; no fabricated research activity,
2027-02-07,Sunday,20,rest,0,Workshop paper outline and figures,Rest / leave; no fabricated research activity,
2027-02-08,Monday,20,workday,7.5,Workshop paper outline and figures,"Literature, supervisor decision and revised plan",
2027-02-09,Tuesday,21,workday,7.5,Paper A writing and coauthor critique,"Implementation, debugging and test evidence",
2027-02-10,Wednesday,21,workday,7.5,Paper A writing and coauthor critique,Experiment analysis and rotating collaborator discussion,
2027-02-11,Thursday,21,workday,7.5,Paper A writing and coauthor critique,"Coursework, mathematical derivation and deep work",
2027-02-12,Friday,21,workday,7.5,Paper A writing and coauthor critique,"Research writing, lab seminar and weekly retrospective",
2027-02-13,Saturday,21,weekend_work,3,Paper A writing and coauthor critique,Bounded revision/data task; document trigger and recovery time,SIMULATED deadline 2027-02-26: revision or missing-data triage; cancel if no active need
2027-02-14,Sunday,21,weekend_work,3,Paper A writing and coauthor critique,Bounded revision/data task; document trigger and recovery time,SIMULATED deadline 2027-02-26: revision or missing-data triage; cancel if no active need
2027-02-15,Monday,21,workday,7.5,Paper A writing and coauthor critique,"Literature, supervisor decision and revised plan",
2027-02-16,Tuesday,22,workday,7.5,Paper A internal revision,"Implementation, debugging and test evidence",
2027-02-17,Wednesday,22,workday,7.5,Paper A internal revision,Experiment analysis and rotating collaborator discussion,
2027-02-18,Thursday,22,workday,7.5,Paper A internal revision,"Coursework, mathematical derivation and deep work",
2027-02-19,Friday,22,workday,7.5,Paper A internal revision,"Research writing, lab seminar and weekly retrospective",
2027-02-20,Saturday,22,rest,0,Paper A internal revision,Rest / leave; no fabricated research activity,
2027-02-21,Sunday,22,rest,0,Paper A internal revision,Rest / leave; no fabricated research activity,
2027-02-22,Monday,22,workday,7.5,Paper A internal revision,"Literature, supervisor decision and revised plan",
2027-02-23,Tuesday,23,workday,7.5,Paper A simulated submission and artifact freeze,"Implementation, debugging and test evidence",
2027-02-24,Wednesday,23,workday,7.5,Paper A simulated submission and artifact freeze,Experiment analysis and rotating collaborator discussion,
2027-02-25,Thursday,23,workday,7.5,Paper A simulated submission and artifact freeze,"Coursework, mathematical derivation and deep work",
2027-02-26,Friday,23,workday,7.5,Paper A simulated submission and artifact freeze,"Research writing, lab seminar and weekly retrospective",
2027-02-27,Saturday,23,rest,0,Paper A simulated submission and artifact freeze,Rest / leave; no fabricated research activity,
2027-02-28,Sunday,23,rest,0,Paper A simulated submission and artifact freeze,Rest / leave; no fabricated research activity,
2027-03-01,Monday,23,workday,7.5,Paper A simulated submission and artifact freeze,"Literature, supervisor decision and revised plan",
2027-03-02,Tuesday,24,workday,7.5,"Recovery, technical debt and retrospective","Implementation, debugging and test evidence",
2027-03-03,Wednesday,24,workday,7.5,"Recovery, technical debt and retrospective",Experiment analysis and rotating collaborator discussion,
2027-03-04,Thursday,24,workday,7.5,"Recovery, technical debt and retrospective","Coursework, mathematical derivation and deep work",
2027-03-05,Friday,24,workday,7.5,"Recovery, technical debt and retrospective","Research writing, lab seminar and weekly retrospective",
2027-03-06,Saturday,24,rest,0,"Recovery, technical debt and retrospective",Rest / leave; no fabricated research activity,
2027-03-07,Sunday,24,rest,0,"Recovery, technical debt and retrospective",Rest / leave; no fabricated research activity,
2027-03-08,Monday,24,workday,7.5,"Recovery, technical debt and retrospective","Literature, supervisor decision and revised plan",
2027-03-09,Tuesday,25,workday,7.5,Multi-period battery formulation,"Implementation, debugging and test evidence",
2027-03-10,Wednesday,25,workday,7.5,Multi-period battery formulation,Experiment analysis and rotating collaborator discussion,
2027-03-11,Thursday,25,workday,7.5,Multi-period battery formulation,"Coursework, mathematical derivation and deep work",
2027-03-12,Friday,25,workday,7.5,Multi-period battery formulation,"Research writing, lab seminar and weekly retrospective",
2027-03-13,Saturday,25,rest,0,Multi-period battery formulation,Rest / leave; no fabricated research activity,
2027-03-14,Sunday,25,rest,0,Multi-period battery formulation,Rest / leave; no fabricated research activity,
2027-03-15,Monday,25,workday,7.5,Multi-period battery formulation,"Literature, supervisor decision and revised plan",
2027-03-16,Tuesday,26,workday,7.5,DTU-role model review and units audit,"Implementation, debugging and test evidence",
2027-03-17,Wednesday,26,workday,7.5,DTU-role model review and units audit,Experiment analysis and rotating collaborator discussion,
2027-03-18,Thursday,26,workday,7.5,DTU-role model review and units audit,"Coursework, mathematical derivation and deep work",
2027-03-19,Friday,26,workday,7.5,DTU-role model review and units audit,"Research writing, lab seminar and weekly retrospective",
2027-03-20,Saturday,26,rest,0,DTU-role model review and units audit,Rest / leave; no fabricated research activity,
2027-03-21,Sunday,26,rest,0,DTU-role model review and units audit,Rest / leave; no fabricated research activity,
2027-03-22,Monday,26,workday,7.5,DTU-role model review and units audit,"Literature, supervisor decision and revised plan",
2027-03-23,Tuesday,27,workday,7.5,Slack encoding and boundary conditions,"Implementation, debugging and test evidence",
2027-03-24,Wednesday,27,workday,7.5,Slack encoding and boundary conditions,Experiment analysis and rotating collaborator discussion,
2027-03-25,Thursday,27,leave,0,Slack encoding and boundary conditions,Rest / leave; no fabricated research activity,
2027-03-26,Friday,27,leave,0,Slack encoding and boundary conditions,Rest / leave; no fabricated research activity,
2027-03-27,Saturday,27,leave,0,Slack encoding and boundary conditions,Rest / leave; no fabricated research activity,
2027-03-28,Sunday,27,leave,0,Slack encoding and boundary conditions,Rest / leave; no fabricated research activity,
2027-03-29,Monday,27,leave,0,Slack encoding and boundary conditions,Rest / leave; no fabricated research activity,
2027-03-30,Tuesday,28,workday,7.5,Classical baseline strength review,"Implementation, debugging and test evidence",
2027-03-31,Wednesday,28,workday,7.5,Classical baseline strength review,Experiment analysis and rotating collaborator discussion,
2027-04-01,Thursday,28,workday,7.5,Classical baseline strength review,"Coursework, mathematical derivation and deep work",
2027-04-02,Friday,28,workday,7.5,Classical baseline strength review,"Research writing, lab seminar and weekly retrospective",
2027-04-03,Saturday,28,rest,0,Classical baseline strength review,Rest / leave; no fabricated research activity,
2027-04-04,Sunday,28,rest,0,Classical baseline strength review,Rest / leave; no fabricated research activity,
2027-04-05,Monday,28,workday,7.5,Classical baseline strength review,"Literature, supervisor decision and revised plan",
2027-04-06,Tuesday,29,workday,7.5,Spring leave and research buffer,"Implementation, debugging and test evidence",
2027-04-07,Wednesday,29,workday,7.5,Spring leave and research buffer,Experiment analysis and rotating collaborator discussion,
2027-04-08,Thursday,29,workday,7.5,Spring leave and research buffer,"Coursework, mathematical derivation and deep work",
2027-04-09,Friday,29,workday,7.5,Spring leave and research buffer,"Research writing, lab seminar and weekly retrospective",
2027-04-10,Saturday,29,rest,0,Spring leave and research buffer,Rest / leave; no fabricated research activity,
2027-04-11,Sunday,29,rest,0,Spring leave and research buffer,Rest / leave; no fabricated research activity,
2027-04-12,Monday,29,workday,7.5,Spring leave and research buffer,"Literature, supervisor decision and revised plan",
2027-04-13,Tuesday,30,workday,7.5,Nordic visit simulation and reproduction,"Implementation, debugging and test evidence",
2027-04-14,Wednesday,30,workday,7.5,Nordic visit simulation and reproduction,Experiment analysis and rotating collaborator discussion,
2027-04-15,Thursday,30,workday,7.5,Nordic visit simulation and reproduction,"Coursework, mathematical derivation and deep work",
2027-04-16,Friday,30,workday,7.5,Nordic visit simulation and reproduction,"Research writing, lab seminar and weekly retrospective",
2027-04-17,Saturday,30,rest,0,Nordic visit simulation and reproduction,Rest / leave; no fabricated research activity,
2027-04-18,Sunday,30,rest,0,Nordic visit simulation and reproduction,Rest / leave; no fabricated research activity,
2027-04-19,Monday,30,workday,7.5,Nordic visit simulation and reproduction,"Literature, supervisor decision and revised plan",
2027-04-20,Tuesday,31,workday,7.5,Noise models and finite-shot statistics,"Implementation, debugging and test evidence",
2027-04-21,Wednesday,31,workday,7.5,Noise models and finite-shot statistics,Experiment analysis and rotating collaborator discussion,
2027-04-22,Thursday,31,workday,7.5,Noise models and finite-shot statistics,"Coursework, mathematical derivation and deep work",
2027-04-23,Friday,31,workday,7.5,Noise models and finite-shot statistics,"Research writing, lab seminar and weekly retrospective",
2027-04-24,Saturday,31,rest,0,Noise models and finite-shot statistics,Rest / leave; no fabricated research activity,
2027-04-25,Sunday,31,rest,0,Noise models and finite-shot statistics,Rest / leave; no fabricated research activity,
2027-04-26,Monday,31,workday,7.5,Noise models and finite-shot statistics,"Literature, supervisor decision and revised plan",
2027-04-27,Tuesday,32,workday,7.5,Held-out instance design,"Implementation, debugging and test evidence",
2027-04-28,Wednesday,32,workday,7.5,Held-out instance design,Experiment analysis and rotating collaborator discussion,
2027-04-29,Thursday,32,workday,7.5,Held-out instance design,"Coursework, mathematical derivation and deep work",
2027-04-30,Friday,32,workday,7.5,Held-out instance design,"Research writing, lab seminar and weekly retrospective",
2027-05-01,Saturday,32,rest,0,Held-out instance design,Rest / leave; no fabricated research activity,
2027-05-02,Sunday,32,rest,0,Held-out instance design,Rest / leave; no fabricated research activity,
2027-05-03,Monday,32,workday,7.5,Held-out instance design,"Literature, supervisor decision and revised plan",
2027-05-04,Tuesday,33,workday,7.5,Freeze benchmark protocol,"Implementation, debugging and test evidence",
2027-05-05,Wednesday,33,workday,7.5,Freeze benchmark protocol,Experiment analysis and rotating collaborator discussion,
2027-05-06,Thursday,33,workday,7.5,Freeze benchmark protocol,"Coursework, mathematical derivation and deep work",
2027-05-07,Friday,33,workday,7.5,Freeze benchmark protocol,"Research writing, lab seminar and weekly retrospective",
2027-05-08,Saturday,33,rest,0,Freeze benchmark protocol,Rest / leave; no fabricated research activity,
2027-05-09,Sunday,33,rest,0,Freeze benchmark protocol,Rest / leave; no fabricated research activity,
2027-05-10,Monday,33,workday,7.5,Freeze benchmark protocol,"Literature, supervisor decision and revised plan",
2027-05-11,Tuesday,34,workday,7.5,Benchmark pilot and compute limits,"Implementation, debugging and test evidence",
2027-05-12,Wednesday,34,workday,7.5,Benchmark pilot and compute limits,Experiment analysis and rotating collaborator discussion,
2027-05-13,Thursday,34,workday,7.5,Benchmark pilot and compute limits,"Coursework, mathematical derivation and deep work",
2027-05-14,Friday,34,workday,7.5,Benchmark pilot and compute limits,"Research writing, lab seminar and weekly retrospective",
2027-05-15,Saturday,34,rest,0,Benchmark pilot and compute limits,Rest / leave; no fabricated research activity,
2027-05-16,Sunday,34,rest,0,Benchmark pilot and compute limits,Rest / leave; no fabricated research activity,
2027-05-17,Monday,34,workday,7.5,Benchmark pilot and compute limits,"Literature, supervisor decision and revised plan",
2027-05-18,Tuesday,35,workday,7.5,Parameter sensitivity and failed runs,"Implementation, debugging and test evidence",
2027-05-19,Wednesday,35,workday,7.5,Parameter sensitivity and failed runs,Experiment analysis and rotating collaborator discussion,
2027-05-20,Thursday,35,workday,7.5,Parameter sensitivity and failed runs,"Coursework, mathematical derivation and deep work",
2027-05-21,Friday,35,workday,7.5,Parameter sensitivity and failed runs,"Research writing, lab seminar and weekly retrospective",
2027-05-22,Saturday,35,rest,0,Parameter sensitivity and failed runs,Rest / leave; no fabricated research activity,
2027-05-23,Sunday,35,rest,0,Parameter sensitivity and failed runs,Rest / leave; no fabricated research activity,
2027-05-24,Monday,35,workday,7.5,Parameter sensitivity and failed runs,"Literature, supervisor decision and revised plan",
2027-05-25,Tuesday,36,workday,7.5,International methods critique,"Implementation, debugging and test evidence",
2027-05-26,Wednesday,36,workday,7.5,International methods critique,Experiment analysis and rotating collaborator discussion,
2027-05-27,Thursday,36,workday,7.5,International methods critique,"Coursework, mathematical derivation and deep work",
2027-05-28,Friday,36,workday,7.5,International methods critique,"Research writing, lab seminar and weekly retrospective",
2027-05-29,Saturday,36,rest,0,International methods critique,Rest / leave; no fabricated research activity,
2027-05-30,Sunday,36,rest,0,International methods critique,Rest / leave; no fabricated research activity,
2027-05-31,Monday,36,workday,7.5,International methods critique,"Literature, supervisor decision and revised plan",
2027-06-01,Tuesday,37,workday,7.5,Main experiments and uncertainty estimates,"Implementation, debugging and test evidence",
2027-06-02,Wednesday,37,workday,7.5,Main experiments and uncertainty estimates,Experiment analysis and rotating collaborator discussion,
2027-06-03,Thursday,37,workday,7.5,Main experiments and uncertainty estimates,"Coursework, mathematical derivation and deep work",
2027-06-04,Friday,37,workday,7.5,Main experiments and uncertainty estimates,"Research writing, lab seminar and weekly retrospective",
2027-06-05,Saturday,37,rest,0,Main experiments and uncertainty estimates,Rest / leave; no fabricated research activity,
2027-06-06,Sunday,37,rest,0,Main experiments and uncertainty estimates,Rest / leave; no fabricated research activity,
2027-06-07,Monday,37,workday,7.5,Main experiments and uncertainty estimates,"Literature, supervisor decision and revised plan",
2027-06-08,Tuesday,38,workday,7.5,Paper B methods and results drafting,"Implementation, debugging and test evidence",
2027-06-09,Wednesday,38,workday,7.5,Paper B methods and results drafting,Experiment analysis and rotating collaborator discussion,
2027-06-10,Thursday,38,workday,7.5,Paper B methods and results drafting,"Coursework, mathematical derivation and deep work",
2027-06-11,Friday,38,workday,7.5,Paper B methods and results drafting,"Research writing, lab seminar and weekly retrospective",
2027-06-12,Saturday,38,rest,0,Paper B methods and results drafting,Rest / leave; no fabricated research activity,
2027-06-13,Sunday,38,rest,0,Paper B methods and results drafting,Rest / leave; no fabricated research activity,
2027-06-14,Monday,38,workday,7.5,Paper B methods and results drafting,"Literature, supervisor decision and revised plan",
2027-06-15,Tuesday,39,workday,7.5,Paper B limitations and adversarial review,"Implementation, debugging and test evidence",
2027-06-16,Wednesday,39,workday,7.5,Paper B limitations and adversarial review,Experiment analysis and rotating collaborator discussion,
2027-06-17,Thursday,39,workday,7.5,Paper B limitations and adversarial review,"Coursework, mathematical derivation and deep work",
2027-06-18,Friday,39,workday,7.5,Paper B limitations and adversarial review,"Research writing, lab seminar and weekly retrospective",
2027-06-19,Saturday,39,rest,0,Paper B limitations and adversarial review,Rest / leave; no fabricated research activity,
2027-06-20,Sunday,39,rest,0,Paper B limitations and adversarial review,Rest / leave; no fabricated research activity,
2027-06-21,Monday,39,workday,7.5,Paper B limitations and adversarial review,"Literature, supervisor decision and revised plan",
2027-06-22,Tuesday,40,workday,7.5,Paper B simulated submission if evidence permits,"Implementation, debugging and test evidence",
2027-06-23,Wednesday,40,workday,7.5,Paper B simulated submission if evidence permits,Experiment analysis and rotating collaborator discussion,
2027-06-24,Thursday,40,workday,7.5,Paper B simulated submission if evidence permits,"Coursework, mathematical derivation and deep work",
2027-06-25,Friday,40,workday,7.5,Paper B simulated submission if evidence permits,"Research writing, lab seminar and weekly retrospective",
2027-06-26,Saturday,40,rest,0,Paper B simulated submission if evidence permits,Rest / leave; no fabricated research activity,
2027-06-27,Sunday,40,rest,0,Paper B simulated submission if evidence permits,Rest / leave; no fabricated research activity,
2027-06-28,Monday,40,workday,7.5,Paper B simulated submission if evidence permits,"Literature, supervisor decision and revised plan",
2027-06-29,Tuesday,41,workday,7.5,Workshop talk rehearsal and travel simulation,"Implementation, debugging and test evidence",
2027-06-30,Wednesday,41,workday,7.5,Workshop talk rehearsal and travel simulation,Experiment analysis and rotating collaborator discussion,
2027-07-01,Thursday,41,workday,7.5,Workshop talk rehearsal and travel simulation,"Coursework, mathematical derivation and deep work",
2027-07-02,Friday,41,workday,7.5,Workshop talk rehearsal and travel simulation,"Research writing, lab seminar and weekly retrospective",
2027-07-03,Saturday,41,weekend_work,3,Workshop talk rehearsal and travel simulation,Bounded revision/data task; document trigger and recovery time,SIMULATED deadline 2027-07-16: revision or missing-data triage; cancel if no active need
2027-07-04,Sunday,41,weekend_work,3,Workshop talk rehearsal and travel simulation,Bounded revision/data task; document trigger and recovery time,SIMULATED deadline 2027-07-16: revision or missing-data triage; cancel if no active need
2027-07-05,Monday,41,workday,7.5,Workshop talk rehearsal and travel simulation,"Literature, supervisor decision and revised plan",
2027-07-06,Tuesday,42,workday,7.5,Fictional reviewer comments and response matrix,"Implementation, debugging and test evidence",
2027-07-07,Wednesday,42,workday,7.5,Fictional reviewer comments and response matrix,Experiment analysis and rotating collaborator discussion,
2027-07-08,Thursday,42,workday,7.5,Fictional reviewer comments and response matrix,"Coursework, mathematical derivation and deep work",
2027-07-09,Friday,42,workday,7.5,Fictional reviewer comments and response matrix,"Research writing, lab seminar and weekly retrospective",
2027-07-10,Saturday,42,rest,0,Fictional reviewer comments and response matrix,Rest / leave; no fabricated research activity,
2027-07-11,Sunday,42,weekend_work,3,Fictional reviewer comments and response matrix,Bounded revision/data task; document trigger and recovery time,SIMULATED deadline 2027-07-16: revision or missing-data triage; cancel if no active need
2027-07-12,Monday,42,workday,7.5,Fictional reviewer comments and response matrix,"Literature, supervisor decision and revised plan",
2027-07-13,Tuesday,43,workday,7.5,Revision experiments and correction log,"Implementation, debugging and test evidence",
2027-07-14,Wednesday,43,workday,7.5,Revision experiments and correction log,Experiment analysis and rotating collaborator discussion,
2027-07-15,Thursday,43,workday,7.5,Revision experiments and correction log,"Coursework, mathematical derivation and deep work",
2027-07-16,Friday,43,workday,7.5,Revision experiments and correction log,"Research writing, lab seminar and weekly retrospective",
2027-07-17,Saturday,43,rest,0,Revision experiments and correction log,Rest / leave; no fabricated research activity,
2027-07-18,Sunday,43,rest,0,Revision experiments and correction log,Rest / leave; no fabricated research activity,
2027-07-19,Monday,43,workday,7.5,Revision experiments and correction log,"Literature, supervisor decision and revised plan",
2027-07-20,Tuesday,44,workday,7.5,Summer leave handover,"Implementation, debugging and test evidence",
2027-07-21,Wednesday,44,workday,7.5,Summer leave handover,Experiment analysis and rotating collaborator discussion,
2027-07-22,Thursday,44,workday,7.5,Summer leave handover,"Coursework, mathematical derivation and deep work",
2027-07-23,Friday,44,workday,7.5,Summer leave handover,"Research writing, lab seminar and weekly retrospective",
2027-07-24,Saturday,44,rest,0,Summer leave handover,Rest / leave; no fabricated research activity,
2027-07-25,Sunday,44,rest,0,Summer leave handover,Rest / leave; no fabricated research activity,
2027-07-26,Monday,44,leave,0,Summer leave handover,Rest / leave; no fabricated research activity,
2027-07-27,Tuesday,45,leave,0,Summer leave,Rest / leave; no fabricated research activity,
2027-07-28,Wednesday,45,leave,0,Summer leave,Rest / leave; no fabricated research activity,
2027-07-29,Thursday,45,leave,0,Summer leave,Rest / leave; no fabricated research activity,
2027-07-30,Friday,45,leave,0,Summer leave,Rest / leave; no fabricated research activity,
2027-07-31,Saturday,45,leave,0,Summer leave,Rest / leave; no fabricated research activity,
2027-08-01,Sunday,45,leave,0,Summer leave,Rest / leave; no fabricated research activity,
2027-08-02,Monday,45,leave,0,Summer leave,Rest / leave; no fabricated research activity,
2027-08-03,Tuesday,46,leave,0,Summer leave,Rest / leave; no fabricated research activity,
2027-08-04,Wednesday,46,leave,0,Summer leave,Rest / leave; no fabricated research activity,
2027-08-05,Thursday,46,leave,0,Summer leave,Rest / leave; no fabricated research activity,
2027-08-06,Friday,46,leave,0,Summer leave,Rest / leave; no fabricated research activity,
2027-08-07,Saturday,46,leave,0,Summer leave,Rest / leave; no fabricated research activity,
2027-08-08,Sunday,46,leave,0,Summer leave,Rest / leave; no fabricated research activity,
2027-08-09,Monday,46,leave,0,Summer leave,Rest / leave; no fabricated research activity,
2027-08-10,Tuesday,47,leave,0,Restart and independent reproduction,Rest / leave; no fabricated research activity,
2027-08-11,Wednesday,47,leave,0,Restart and independent reproduction,Rest / leave; no fabricated research activity,
2027-08-12,Thursday,47,leave,0,Restart and independent reproduction,Rest / leave; no fabricated research activity,
2027-08-13,Friday,47,leave,0,Restart and independent reproduction,Rest / leave; no fabricated research activity,
2027-08-14,Saturday,47,rest,0,Restart and independent reproduction,Rest / leave; no fabricated research activity,
2027-08-15,Sunday,47,rest,0,Restart and independent reproduction,Rest / leave; no fabricated research activity,
2027-08-16,Monday,47,workday,7.5,Restart and independent reproduction,"Literature, supervisor decision and revised plan",
2027-08-17,Tuesday,48,workday,7.5,Resolve reproduction discrepancies,"Implementation, debugging and test evidence",
2027-08-18,Wednesday,48,workday,7.5,Resolve reproduction discrepancies,Experiment analysis and rotating collaborator discussion,
2027-08-19,Thursday,48,workday,7.5,Resolve reproduction discrepancies,"Coursework, mathematical derivation and deep work",
2027-08-20,Friday,48,workday,7.5,Resolve reproduction discrepancies,"Research writing, lab seminar and weekly retrospective",
2027-08-21,Saturday,48,rest,0,Resolve reproduction discrepancies,Rest / leave; no fabricated research activity,
2027-08-22,Sunday,48,rest,0,Resolve reproduction discrepancies,Rest / leave; no fabricated research activity,
2027-08-23,Monday,48,workday,7.5,Resolve reproduction discrepancies,"Literature, supervisor decision and revised plan",
2027-08-24,Tuesday,49,workday,7.5,First-year report structure,"Implementation, debugging and test evidence",
2027-08-25,Wednesday,49,workday,7.5,First-year report structure,Experiment analysis and rotating collaborator discussion,
2027-08-26,Thursday,49,workday,7.5,First-year report structure,"Coursework, mathematical derivation and deep work",
2027-08-27,Friday,49,workday,7.5,First-year report structure,"Research writing, lab seminar and weekly retrospective",
2027-08-28,Saturday,49,rest,0,First-year report structure,Rest / leave; no fabricated research activity,
2027-08-29,Sunday,49,rest,0,First-year report structure,Rest / leave; no fabricated research activity,
2027-08-30,Monday,49,workday,7.5,First-year report structure,"Literature, supervisor decision and revised plan",
2027-08-31,Tuesday,50,workday,7.5,Thesis chapter drafting and evidence audit,"Implementation, debugging and test evidence",
2027-09-01,Wednesday,50,workday,7.5,Thesis chapter drafting and evidence audit,Experiment analysis and rotating collaborator discussion,
2027-09-02,Thursday,50,workday,7.5,Thesis chapter drafting and evidence audit,"Coursework, mathematical derivation and deep work",
2027-09-03,Friday,50,workday,7.5,Thesis chapter drafting and evidence audit,"Research writing, lab seminar and weekly retrospective",
2027-09-04,Saturday,50,rest,0,Thesis chapter drafting and evidence audit,Rest / leave; no fabricated research activity,
2027-09-05,Sunday,50,weekend_work,3,Thesis chapter drafting and evidence audit,Bounded revision/data task; document trigger and recovery time,SIMULATED deadline 2027-09-17: revision or missing-data triage; cancel if no active need
2027-09-06,Monday,50,workday,7.5,Thesis chapter drafting and evidence audit,"Literature, supervisor decision and revised plan",
2027-09-07,Tuesday,51,workday,7.5,Annual review slides and mock questions,"Implementation, debugging and test evidence",
2027-09-08,Wednesday,51,workday,7.5,Annual review slides and mock questions,Experiment analysis and rotating collaborator discussion,
2027-09-09,Thursday,51,workday,7.5,Annual review slides and mock questions,"Coursework, mathematical derivation and deep work",
2027-09-10,Friday,51,workday,7.5,Annual review slides and mock questions,"Research writing, lab seminar and weekly retrospective",
2027-09-11,Saturday,51,weekend_work,3,Annual review slides and mock questions,Bounded revision/data task; document trigger and recovery time,SIMULATED deadline 2027-09-17: revision or missing-data triage; cancel if no active need
2027-09-12,Sunday,51,weekend_work,3,Annual review slides and mock questions,Bounded revision/data task; document trigger and recovery time,SIMULATED deadline 2027-09-17: revision or missing-data triage; cancel if no active need
2027-09-13,Monday,51,workday,7.5,Annual review slides and mock questions,"Literature, supervisor decision and revised plan",
2027-09-14,Tuesday,52,workday,7.5,Year-two plan and remaining research risks,"Implementation, debugging and test evidence",
2027-09-15,Wednesday,52,workday,7.5,Year-two plan and remaining research risks,Experiment analysis and rotating collaborator discussion,
2027-09-16,Thursday,52,workday,7.5,Year-two plan and remaining research risks,"Coursework, mathematical derivation and deep work",
2027-09-17,Friday,52,workday,7.5,Year-two plan and remaining research risks,"Research writing, lab seminar and weekly retrospective",
2027-09-18,Saturday,52,rest,0,Year-two plan and remaining research risks,Rest / leave; no fabricated research activity,
2027-09-19,Sunday,52,rest,0,Year-two plan and remaining research risks,Rest / leave; no fabricated research activity,
2027-09-20,Monday,52,workday,7.5,Year-two plan and remaining research risks,"Literature, supervisor decision and revised plan",
2027-09-21,Tuesday,53,workday,7.5,Annual review and closeout,"Implementation, debugging and test evidence",
